first_name,last_name,email,company
Henrique,Dubugras,henrique@brex.com,Brex
Eric,Ciarla,eric@firecrawl.dev,Firecrawl
Alex,Bouaziz,alex@deel.com,Deel
Laura,Behrens Wu,laura@shippo.com,Shippo
Kabir,Barday,kabir@onetrust.com,OneTrust
Alexandr,Wang,alexandr@scale.com,Scale AI
Jack,Altman,jack@lattice.com,Lattice
Patrick,Collison,patrick@stripe.com,Stripe
Dario,Amodei,dario@anthropic.com,Anthropic
Sam,Altman,sam@openai.com,OpenAI
